Session_ID,Provider_ID,Start_Date,End_Date,Booking_Type,Program,Hours,Cost,Availability,Registration_Opens,Location,Registration_URL,Source_URL,Notes,Last_Checked
schoolhouse-2026-09-18-131,schoolhouse,2026-09-18,2026-09-18,single-day,September 18 Discovery Day,9 am–5 pm,$99.00 per session,Published date; check seats,,"West Point on the Eno, EE Pavilion, 5253 N Roxboro St, Durham",https://app.amilia.com/store/en/schoolhouse-of-wonder/shop/activities/6933262,https://schoolhouseofwonder.org/camp-finder/september-18-discovery-day/,,2026-09-12
boulder-2026-09-21-136,boulder,2026-09-21,2026-09-21,single-day,Holiday Camp,Drop-off 8–9 am; pickup 3–4 pm,$95 camper member / $115 guest per day,Published date; check seats,,"328 Roney St, Durham",https://climber.hellocapitan.com/thebouldergarden/schedule/event/1321110/select-num-participants/,https://climber.hellocapitan.com/thebouldergarden/schedule/event-type-details/3046/,,2026-09-12
dac-2026-09-21-96,dac,2026-09-21,2026-09-21,single-day,School Break Arts Camp,9 am–3 pm; drop-off from 8 am,$60 per day,Published date; check seats,2026-07-24,"120 Morris St, Durham",https://secure.rec1.com/NC/durham-arts-council-nc/catalog,https://durhamarts.org/dac-art-camps/,,2026-09-12
dac-2026-09-21-95,dac,2026-09-21,2026-09-25,multi-day,School Break Arts Camp,9 am–3 pm; drop-off from 8 am,$275 per week; $250 additional sibling,Published date; check seats,2026-07-24,"120 Morris St, Durham",https://secure.rec1.com/NC/durham-arts-council-nc/catalog,https://durhamarts.org/dac-art-camps/,Whole session booking; no individual-day option published.,2026-09-12
dpr-2026-09-21-113,dpr,2026-09-21,2026-09-21,single-day,Fun Day,7:30 am–6 pm,City resident: $23.50 with Play More card / $26 without; non-city: $37 / $41,Published date; check seats,,"W.D. Hill Recreation Center, Durham",https://anc.apm.activecommunities.com/dprplaymore/daycare/program/1078?onlineSiteId=0&locale=en-US&from_original_cui=true&online=true,https://www.dprplaymore.org/362/Fun-Days,,2026-09-12
ninja-2026-09-21-153,ninja,2026-09-21,2026-09-21,single-day,One Day Ninja Camp,8:30 am–3:30 pm,$75 per day,Listed open at last check,,"1810 Martin Luther King Jr Pkwy, Suite A, Durham",https://portal.iclasspro.com/usaninjadurham/camp-details/131?typeId=2&filters=%7B%22sorting%22:%22time%22%7D&campTypeName=One%20Day%20Camp&campTypeNamePlural=One%20Day%20Camps,https://usaninjachallenge.com/locations/durham-nc/camps,,2026-09-12
pwc-2026-09-21-58,pwc,2026-09-21,2026-09-21,single-day,Durham Wild For a Day - 9/21,9 am–3 pm; drop-off 8:30–9 am; pickup 2:45–3 pm,$80 per day,Waitlist at last check,,"Leigh Farm Park, 364 Leigh Farm Rd, Durham",https://www.ultracamp.com/clientlogin.aspx?idCamp=1403&campcode=Pwc&lang=en-Us&return=registration/selectattendees.aspx?idsession=581799,https://www.ultracamp.com/info/sessionDetail.aspx?idCamp=1403&idSession=581799&campCode=Pwc,,2026-09-12
pwc-2026-09-21-52,pwc,2026-09-21,2026-09-25,multi-day,Durham Intersession - Animal Detectives,9 am–3 pm; drop-off 8:30–9 am; pickup 2:45–3 pm,$385 per week,Waitlist at last check,,"Leigh Farm Park, 364 Leigh Farm Rd, Durham",https://www.ultracamp.com/clientlogin.aspx?idCamp=1403&campcode=Pwc&lang=en-Us&return=registration/selectattendees.aspx?idsession=583240,https://www.ultracamp.com/info/sessionDetail.aspx?idCamp=1403&idSession=583240&campCode=Pwc,,2026-09-12
schoolhouse-2026-09-21-133,schoolhouse,2026-09-21,2026-09-21,single-day,September 21 Discovery Day,9 am–5 pm,$99.00 per session,Published date; check seats,,"West Point on the Eno, EE Pavilion, 5253 N Roxboro St, Durham",https://app.amilia.com/store/en/schoolhouse-of-wonder/shop/activities/6933275,https://schoolhouseofwonder.org/camp-finder/september-21-discovery-day/,,2026-09-12
schoolhouse-2026-09-21-132,schoolhouse,2026-09-21,2026-09-25,multi-day,September 21-25: Mud Makers,9 am–5 pm,$459.00 per session,Published date; check seats,,"West Point on the Eno, EE Pavilion, 5253 N Roxboro St, Durham",https://app.amilia.com/store/en/schoolhouse-of-wonder/shop/activities/6933086,https://schoolhouseofwonder.org/camp-finder/september-21-25-mud-makers/,Whole session booking.,2026-09-12
soccer-2026-09-21-141,soccer,2026-09-21,2026-09-21,single-day,Teacher Workday Soccer Camp,9 am–1 pm,$70 per day,Published date; check seats,,"1800 Maryland Ave or E.K. Powe, Durham; confirm venue",https://www.durhamsocceracademy.com/teacherworkdaycampregistration,https://www.durhamsocceracademy.com/teacherworkdaycamps,,2026-09-12
walltown-2026-09-21-46,walltown,2026-09-21,2026-09-21,single-day,Teacher Workday Camp,8:30 am–5 pm,$75 per day,Published date; check seats,,"1225 Berkeley St, Durham",https://dancestudio-pro.com/online/walltownchildrenstheatre,https://www.walltownchildrenstheatre.org/teacher-workday-camps.html,,2026-09-12
schoolhouse-2026-09-25-134,schoolhouse,2026-09-25,2026-09-25,single-day,September 25 Discovery Day,9 am–5 pm,$99.00 per session,Published date; check seats,,"West Point on the Eno, EE Pavilion, 5253 N Roxboro St, Durham",https://app.amilia.com/store/en/schoolhouse-of-wonder/shop/activities/6933267,https://schoolhouseofwonder.org/camp-finder/september-25-discovery-day/,,2026-09-12
dac-2026-09-28-97,dac,2026-09-28,2026-10-02,multi-day,School Break Arts Camp,9 am–3 pm; drop-off from 8 am,$275 per week; $250 additional sibling,Published date; check seats,2026-07-24,"120 Morris St, Durham",https://secure.rec1.com/NC/durham-arts-council-nc/catalog,https://durhamarts.org/dac-art-camps/,Whole session booking; no individual-day option published.,2026-09-12
museum-2026-09-28-81,museum,2026-09-28,2026-10-02,multi-day,Museum Rangers,9 am–3 pm,$345 member / $375 public per week,Spaces listed at last check,,"433 W Murray Ave, Durham",https://www.ultracamp.com/clientlogin.aspx?idCamp=518&campcode=mls&lang=en-Us&return=registration/selectattendees.aspx?idsession=586296,https://www.ultracamp.com/info/sessionDetail.aspx?idCamp=518&idSession=586296&campCode=mls,,2026-09-12
pwc-2026-09-28-53,pwc,2026-09-28,2026-10-02,multi-day,Durham Intersession - Woodland Games,9 am–3 pm; drop-off 8:30–9 am; pickup 2:45–3 pm,$385 per week,Registration listed; check seats,,"Leigh Farm Park, 364 Leigh Farm Rd, Durham",https://www.ultracamp.com/clientlogin.aspx?idCamp=1403&campcode=Pwc&lang=en-Us&return=registration/selectattendees.aspx?idsession=583241,https://www.ultracamp.com/info/sessionDetail.aspx?idCamp=1403&idSession=583241&campCode=Pwc,,2026-09-12
schoolhouse-2026-09-28-135,schoolhouse,2026-09-28,2026-10-02,multi-day,September 28-October 2: Camping Classics,9 am–5 pm,$459.00 per session,Published date; check seats,,"West Point on the Eno, EE Pavilion, 5253 N Roxboro St, Durham",https://app.amilia.com/store/en/schoolhouse-of-wonder/shop/activities/6933096,https://schoolhouseofwonder.org/camp-finder/september-28-october-2-camping-classics/,Whole session booking.,2026-09-12
boulder-2026-09-30-137,boulder,2026-09-30,2026-09-30,single-day,Holiday Camp,Drop-off 8–9 am; pickup 3–4 pm,$95 camper member / $115 guest per day,Published date; check seats,,"328 Roney St, Durham",https://climber.hellocapitan.com/thebouldergarden/schedule/event/1321111/select-num-participants/,https://climber.hellocapitan.com/thebouldergarden/schedule/event-type-details/3046/,,2026-09-12
dfc-2026-09-30,dfc,2026-09-30,2026-09-30,single-day,Mini Camp,8:30 am–5:30 pm,$80 member / $90 nonmember per day,Published date; check seats,,"10 Faculty Club Dr, Durham",https://app.courtreserve.com/Online/Events/Public/2472/2237282,https://facultyclub.duke.edu/camps/miniCamp/,,2026-09-14
dac-2026-09-30-98,dac,2026-09-30,2026-09-30,single-day,School Break Arts Camp,9 am–3 pm; drop-off from 8 am,$60 per day,Published date; check seats,2026-07-24,"120 Morris St, Durham",https://secure.rec1.com/NC/durham-arts-council-nc/catalog,https://durhamarts.org/dac-art-camps/,,2026-09-12
dpr-2026-09-30-114,dpr,2026-09-30,2026-09-30,single-day,Fun Day,7:30 am–6 pm,City resident: $23.50 with Play More card / $26 without; non-city: $37 / $41,Published date; check seats,,"Walltown Park Recreation Center, Durham",https://anc.apm.activecommunities.com/dprplaymore/daycare/program/1079?onlineSiteId=0&locale=en-US&from_original_cui=true&online=true,https://www.dprplaymore.org/362/Fun-Days,,2026-09-12
jcc-2026-09-30-1,jcc,2026-09-30,2026-09-30,single-day,School’s Out (K–5),8:25 am–3:15 pm,$75 member / $90 public per day,Waitlist at last check,,"1937 W Cornwallis Rd, Durham",https://operations.daxko.com/Online/5190/ProgramsV2/OfferingDetails.mvc?offering_id=CI212767&program_id=CMP48774&location_id=B553,https://operations.daxko.com/Online/5190/ProgramsV2/OfferingDetails.mvc?offering_id=CI212767&program_id=CMP48774&location_id=B553,,2026-09-12
soccer-2026-09-30-142,soccer,2026-09-30,2026-09-30,single-day,Teacher Workday Soccer Camp,9 am–1 pm,$70 per day,Published date; check seats,,"1800 Maryland Ave or E.K. Powe, Durham; confirm venue",https://www.durhamsocceracademy.com/teacherworkdaycampregistration,https://www.durhamsocceracademy.com/teacherworkdaycamps,,2026-09-12
walltown-2026-09-30-47,walltown,2026-09-30,2026-09-30,single-day,Teacher Workday Camp,8:30 am–5 pm,$75 per day,Published date; check seats,,"1225 Berkeley St, Durham",https://dancestudio-pro.com/online/walltownchildrenstheatre,https://www.walltownchildrenstheatre.org/teacher-workday-camps.html,,2026-09-12
schoolhouse-2026-10-01-127,schoolhouse,2026-10-01,2026-10-01,single-day,October 1 Discovery Day,9 am–5 pm,$99.00 per session,Published date; check seats,,"West Point on the Eno, EE Pavilion, 5253 N Roxboro St, Durham",https://app.amilia.com/store/en/schoolhouse-of-wonder/shop/activities/6933289,https://schoolhouseofwonder.org/camp-finder/october-1-discovery-day/,,2026-09-12
schoolhouse-2026-10-02-129,schoolhouse,2026-10-02,2026-10-02,single-day,October 2 Discovery Day,9 am–5 pm,$99.00 per session,Published date; check seats,,"West Point on the Eno, EE Pavilion, 5253 N Roxboro St, Durham",https://app.amilia.com/store/en/schoolhouse-of-wonder/shop/activities/6933298,https://schoolhouseofwonder.org/camp-finder/october-2-discovery-day/,,2026-09-12
dac-2026-10-05-99,dac,2026-10-05,2026-10-09,multi-day,School Break Arts Camp,9 am–3 pm; drop-off from 8 am,$275 per week; $250 additional sibling,Published date; check seats,2026-07-24,"120 Morris St, Durham",https://secure.rec1.com/NC/durham-arts-council-nc/catalog,https://durhamarts.org/dac-art-camps/,Whole session booking; no individual-day option published.,2026-09-12
museum-2026-10-05-82,museum,2026-10-05,2026-10-09,multi-day,Museum Rangers,9 am–3 pm,$345 member / $375 public per week,Waitlist at last check,,"433 W Murray Ave, Durham",https://www.ultracamp.com/clientlogin.aspx?idCamp=518&campcode=mls&lang=en-Us&return=registration/selectattendees.aspx?idsession=586298,https://www.ultracamp.com/info/sessionDetail.aspx?idCamp=518&idSession=586298&campCode=mls,,2026-09-12
ninja-2026-10-05-154,ninja,2026-10-05,2026-10-05,single-day,One Day Ninja Camp,8:30 am–3:30 pm,$75 per day,Listed open at last check,,"1810 Martin Luther King Jr Pkwy, Suite A, Durham",https://portal.iclasspro.com/usaninjadurham/camp-details/133?typeId=2&filters=%7B%22sorting%22:%22time%22%7D&campTypeName=One%20Day%20Camp&campTypeNamePlural=One%20Day%20Camps,https://usaninjachallenge.com/locations/durham-nc/camps,,2026-09-12
pwc-2026-10-05-54,pwc,2026-10-05,2026-10-09,multi-day,Durham Intersession - ART-thropods,9 am–3 pm; drop-off 8:30–9 am; pickup 2:45–3 pm,$385 per week,Registration listed; check seats,,"Leigh Farm Park, 364 Leigh Farm Rd, Durham",https://www.ultracamp.com/clientlogin.aspx?idCamp=1403&campcode=Pwc&lang=en-Us&return=registration/selectattendees.aspx?idsession=583242,https://www.ultracamp.com/info/sessionDetail.aspx?idCamp=1403&idSession=583242&campCode=Pwc,,2026-09-12
schoolhouse-2026-10-05-130,schoolhouse,2026-10-05,2026-10-09,multi-day,October 5-9: Secrets of Fall,9 am–5 pm,$459.00 per session,Published date; check seats,,"West Point on the Eno, EE Pavilion, 5253 N Roxboro St, Durham",https://app.amilia.com/store/en/schoolhouse-of-wonder/shop/activities/6933105,https://schoolhouseofwonder.org/camp-finder/october-5-9-secrets-of-fall/,Whole session booking.,2026-09-12
jcc-2026-10-09-2,jcc,2026-10-09,2026-10-09,single-day,School’s Out (K–5),8:25 am–3:15 pm,$75 member / $90 public per day,Published date; check seats,,"1937 W Cornwallis Rd, Durham",https://operations.daxko.com/Online/5190/ProgramsV2/OfferingDetails.mvc?offering_id=CI212768&program_id=CMP48774&location_id=B553,https://www.jewishforgood.org/schools-out-camp,,2026-09-12
schoolhouse-2026-10-12-128,schoolhouse,2026-10-12,2026-10-16,multi-day,October 12-16: Way of the Wild,9 am–5 pm,$459.00 per session,Published date; check seats,,"West Point on the Eno, EE Pavilion, 5253 N Roxboro St, Durham",https://app.amilia.com/store/en/schoolhouse-of-wonder/shop/activities/6933131,https://schoolhouseofwonder.org/camp-finder/october-12-16-way-of-the-wild/,Whole session booking.,2026-09-12
ninja-2026-10-19-155,ninja,2026-10-19,2026-10-19,single-day,One Day Ninja Camp,8:30 am–3:30 pm,$75 per day,Listed open at last check,,"1810 Martin Luther King Jr Pkwy, Suite A, Durham",https://portal.iclasspro.com/usaninjadurham/camp-details/134?typeId=2&filters=%7B%22sorting%22:%22time%22%7D&campTypeName=One%20Day%20Camp&campTypeNamePlural=One%20Day%20Camps,https://usaninjachallenge.com/locations/durham-nc/camps,,2026-09-12
jcc-2026-10-30-3,jcc,2026-10-30,2026-10-30,single-day,School’s Out (K–5),8:25 am–3:15 pm,$75 member / $90 public per day,Published date; check seats,,"1937 W Cornwallis Rd, Durham",https://operations.daxko.com/Online/5190/ProgramsV2/OfferingDetails.mvc?offering_id=CI212769&program_id=CMP48774&location_id=B553,https://www.jewishforgood.org/schools-out-camp,,2026-09-12
boulder-2026-11-02-138,boulder,2026-11-02,2026-11-02,single-day,Holiday Camp,Drop-off 8–9 am; pickup 3–4 pm,$95 camper member / $115 guest per day,Published date; check seats,,"328 Roney St, Durham",https://climber.hellocapitan.com/thebouldergarden/schedule/event/1321112/select-num-participants/,https://climber.hellocapitan.com/thebouldergarden/schedule/event-type-details/3046/,,2026-09-12
dac-2026-11-02-100,dac,2026-11-02,2026-11-02,single-day,School Break Arts Camp,9 am–3 pm; drop-off from 8 am,$60 per day,Published date; check seats,2026-07-24,"120 Morris St, Durham",https://secure.rec1.com/NC/durham-arts-council-nc/catalog,https://durhamarts.org/dac-art-camps/,,2026-09-12
dfc-2026-11-02,dfc,2026-11-02,2026-11-02,single-day,Mini Camp,8:30 am–5:30 pm,$80 member / $90 nonmember per day,Published date; check seats,,"10 Faculty Club Dr, Durham",https://app.courtreserve.com/Online/Events/Public/2472/2237282,https://facultyclub.duke.edu/camps/miniCamp/,,2026-09-14
dpr-2026-11-02-115,dpr,2026-11-02,2026-11-02,single-day,Fun Day,7:30 am–6 pm,City resident: $23.50 with Play More card / $26 without; non-city: $37 / $41,Published date; check seats,,"Edison Johnson Recreation Center, Durham",https://anc.apm.activecommunities.com/dprplaymore/daycare/program/1080?onlineSiteId=0&locale=en-US&from_original_cui=true&online=true,https://www.dprplaymore.org/362/Fun-Days,,2026-09-12
jcc-2026-11-02-4,jcc,2026-11-02,2026-11-02,single-day,School’s Out (K–5),8:25 am–3:15 pm,$75 member / $90 public per day,Published date; check seats,,"1937 W Cornwallis Rd, Durham",https://operations.daxko.com/Online/5190/ProgramsV2/OfferingDetails.mvc?offering_id=CI212770&program_id=CMP48774&location_id=B553,https://www.jewishforgood.org/schools-out-camp,,2026-09-12
ninja-2026-11-02-156,ninja,2026-11-02,2026-11-02,single-day,One Day Ninja Camp,8:30 am–3:30 pm,$75 per day,Listed open at last check,,"1810 Martin Luther King Jr Pkwy, Suite A, Durham",https://portal.iclasspro.com/usaninjadurham/camp-details/135?typeId=2&filters=%7B%22sorting%22:%22time%22%7D&campTypeName=One%20Day%20Camp&campTypeNamePlural=One%20Day%20Camps,https://usaninjachallenge.com/locations/durham-nc/camps,,2026-09-12
pwc-2026-11-02-59,pwc,2026-11-02,2026-11-02,single-day,Durham Wild For a Day - 11/2,9 am–3 pm; drop-off 8:30–9 am; pickup 2:45–3 pm,$80 per day,Registration listed; check seats,,"Leigh Farm Park, 364 Leigh Farm Rd, Durham",https://www.ultracamp.com/clientlogin.aspx?idCamp=1403&campcode=Pwc&lang=en-Us&return=registration/selectattendees.aspx?idsession=581800,https://www.ultracamp.com/info/sessionDetail.aspx?idCamp=1403&idSession=581800&campCode=Pwc,,2026-09-12
schoolhouse-2026-11-02-124,schoolhouse,2026-11-02,2026-11-02,single-day,November 2 Discovery Day,9 am–5 pm,$99.00 per session,Published date; check seats,,"West Point on the Eno, EE Pavilion, 5253 N Roxboro St, Durham",https://app.amilia.com/store/en/schoolhouse-of-wonder/shop/activities/6933304,https://schoolhouseofwonder.org/camp-finder/november-2-discovery-day/,,2026-09-12
soccer-2026-11-02-143,soccer,2026-11-02,2026-11-02,single-day,Teacher Workday Soccer Camp,9 am–1 pm,$70 per day,Published date; check seats,,"1800 Maryland Ave or E.K. Powe, Durham; confirm venue",https://www.durhamsocceracademy.com/teacherworkdaycampregistration,https://www.durhamsocceracademy.com/teacherworkdaycamps,,2026-09-12
boulder-2026-11-03-139,boulder,2026-11-03,2026-11-03,single-day,Holiday Camp,Drop-off 8–9 am; pickup 3–4 pm,$95 camper member / $115 guest per day,Published date; check seats,,"328 Roney St, Durham",https://climber.hellocapitan.com/thebouldergarden/schedule/event/1321113/select-num-participants/,https://climber.hellocapitan.com/thebouldergarden/schedule/event-type-details/3046/,,2026-09-12
dac-2026-11-03-101,dac,2026-11-03,2026-11-03,single-day,School Break Arts Camp,9 am–3 pm; drop-off from 8 am,$60 per day,Published date; check seats,2026-07-24,"120 Morris St, Durham",https://secure.rec1.com/NC/durham-arts-council-nc/catalog,https://durhamarts.org/dac-art-camps/,,2026-09-12
dfc-2026-11-03,dfc,2026-11-03,2026-11-03,single-day,Mini Camp,8:30 am–5:30 pm,$80 member / $90 nonmember per day,Published date; check seats,,"10 Faculty Club Dr, Durham",https://app.courtreserve.com/Online/Events/Public/2472/2237282,https://facultyclub.duke.edu/camps/miniCamp/,,2026-09-14
jcc-2026-11-03-5,jcc,2026-11-03,2026-11-03,single-day,School’s Out (K–5),8:25 am–3:15 pm,$75 member / $90 public per day,Published date; check seats,,"1937 W Cornwallis Rd, Durham",https://operations.daxko.com/Online/5190/ProgramsV2/OfferingDetails.mvc?offering_id=CI212771&program_id=CMP48774&location_id=B553,https://www.jewishforgood.org/schools-out-camp,,2026-09-12
museum-2026-11-03-83,museum,2026-11-03,2026-11-03,single-day,Schools Out Day Camp,9 am–5 pm,$100 member / $115 public per day,Spaces listed at last check,,"433 W Murray Ave, Durham",https://www.ultracamp.com/clientlogin.aspx?idCamp=518&campcode=mls&lang=en-Us&return=registration/selectattendees.aspx?idsession=586651,https://www.ultracamp.com/info/sessionDetail.aspx?idCamp=518&idSession=586651&campCode=mls,,2026-09-12
pwc-2026-11-03-60,pwc,2026-11-03,2026-11-03,single-day,Durham Wild For a Day - 11/3,9 am–3 pm; drop-off 8:30–9 am; pickup 2:45–3 pm,$80 per day,Registration listed; check seats,,"Leigh Farm Park, 364 Leigh Farm Rd, Durham",https://www.ultracamp.com/clientlogin.aspx?idCamp=1403&campcode=Pwc&lang=en-Us&return=registration/selectattendees.aspx?idsession=581801,https://www.ultracamp.com/info/sessionDetail.aspx?idCamp=1403&idSession=581801&campCode=Pwc,,2026-09-12
schoolhouse-2026-11-03-126,schoolhouse,2026-11-03,2026-11-03,single-day,November 3 Discovery Day,9 am–5 pm,$99.00 per session,Published date; check seats,,"West Point on the Eno, EE Pavilion, 5253 N Roxboro St, Durham",https://app.amilia.com/store/en/schoolhouse-of-wonder/shop/activities/6933313,https://schoolhouseofwonder.org/camp-finder/november-3-discovery-day/,,2026-09-12
soccer-2026-11-03-144,soccer,2026-11-03,2026-11-03,single-day,Teacher Workday Soccer Camp,9 am–1 pm,$70 per day,Published date; check seats,,"1800 Maryland Ave or E.K. Powe, Durham; confirm venue",https://www.durhamsocceracademy.com/teacherworkdaycampregistration,https://www.durhamsocceracademy.com/teacherworkdaycamps,,2026-09-12
boulder-2026-11-11-140,boulder,2026-11-11,2026-11-11,single-day,Holiday Camp,Drop-off 8–9 am; pickup 3–4 pm,$95 camper member / $115 guest per day,Published date; check seats,,"328 Roney St, Durham",https://climber.hellocapitan.com/thebouldergarden/schedule/event/1321163/select-num-participants/,https://climber.hellocapitan.com/thebouldergarden/schedule/event-type-details/3046/,,2026-09-12
dac-2026-11-11-102,dac,2026-11-11,2026-11-11,single-day,School Break Arts Camp,9 am–3 pm; drop-off from 8 am,$60 per day,Published date; check seats,2026-07-24,"120 Morris St, Durham",https://secure.rec1.com/NC/durham-arts-council-nc/catalog,https://durhamarts.org/dac-art-camps/,,2026-09-12
dfc-2026-11-11,dfc,2026-11-11,2026-11-11,single-day,Mini Camp,8:30 am–5:30 pm,$80 member / $90 nonmember per day,Published date; check seats,,"10 Faculty Club Dr, Durham",https://app.courtreserve.com/Online/Events/Public/2472/2237282,https://facultyclub.duke.edu/camps/miniCamp/,,2026-09-14
jcc-2026-11-11-6,jcc,2026-11-11,2026-11-11,single-day,School’s Out (K–5),8:25 am–3:15 pm,$75 member / $90 public per day,Published date; check seats,,"1937 W Cornwallis Rd, Durham",https://operations.daxko.com/Online/5190/ProgramsV2/OfferingDetails.mvc?offering_id=CI212772&program_id=CMP48774&location_id=B553,https://www.jewishforgood.org/schools-out-camp,,2026-09-12
museum-2026-11-11-84,museum,2026-11-11,2026-11-11,single-day,Schools Out Day Camp,9 am–5 pm,$100 member / $115 public per day,Spaces listed at last check,,"433 W Murray Ave, Durham",https://www.ultracamp.com/clientlogin.aspx?idCamp=518&campcode=mls&lang=en-Us&return=registration/selectattendees.aspx?idsession=586652,https://www.ultracamp.com/info/sessionDetail.aspx?idCamp=518&idSession=586652&campCode=mls,,2026-09-12
pwc-2026-11-11-61,pwc,2026-11-11,2026-11-11,single-day,Durham Wild For a Day - 11/11,9 am–3 pm; drop-off 8:30–9 am; pickup 2:45–3 pm,$80 per day,Registration listed; check seats,,"Leigh Farm Park, 364 Leigh Farm Rd, Durham",https://www.ultracamp.com/clientlogin.aspx?idCamp=1403&campcode=Pwc&lang=en-Us&return=registration/selectattendees.aspx?idsession=581802,https://www.ultracamp.com/info/sessionDetail.aspx?idCamp=1403&idSession=581802&campCode=Pwc,,2026-09-12
schoolhouse-2026-11-11-123,schoolhouse,2026-11-11,2026-11-11,single-day,November 11 Discovery Day,9 am–5 pm,$99.00 per session,Published date; check seats,,"West Point on the Eno, EE Pavilion, 5253 N Roxboro St, Durham",https://app.amilia.com/store/en/schoolhouse-of-wonder/shop/activities/6933378,https://schoolhouseofwonder.org/camp-finder/november-11-discovery-day/,,2026-09-12
soccer-2026-11-11-145,soccer,2026-11-11,2026-11-11,single-day,Teacher Workday Soccer Camp,9 am–1 pm,$70 per day,Published date; check seats,,"1800 Maryland Ave or E.K. Powe, Durham; confirm venue",https://www.durhamsocceracademy.com/teacherworkdaycampregistration,https://www.durhamsocceracademy.com/teacherworkdaycamps,,2026-09-12
dac-2026-11-23-103,dac,2026-11-23,2026-11-25,multi-day,School Break Arts Camp,9 am–3 pm; drop-off from 8 am,Short-week total: confirm with provider,Published date; check seats,2026-07-24,"120 Morris St, Durham",https://secure.rec1.com/NC/durham-arts-council-nc/catalog,https://durhamarts.org/dac-art-camps/,Whole session booking; no individual-day option published.,2026-09-12
dfc-2026-11-23,dfc,2026-11-23,2026-11-23,single-day,Mini Camp,8:30 am–5:30 pm,$80 member / $90 nonmember per day,Published date; check seats,,"10 Faculty Club Dr, Durham",https://app.courtreserve.com/Online/Events/Public/2472/2237282,https://facultyclub.duke.edu/camps/miniCamp/,,2026-09-14
dpr-2026-11-23-116,dpr,2026-11-23,2026-11-23,single-day,Fun Day,7:30 am–6 pm,City resident: $23.50 with Play More card / $26 without; non-city: $37 / $41,Published date; check seats,,"Walltown Park Recreation Center, Durham",https://anc.apm.activecommunities.com/dprplaymore/daycare/program/792?onlineSiteId=0&from_original_cui=true&online=true&locale=en-US,https://www.dprplaymore.org/362/Fun-Days,,2026-09-12
jcc-2026-11-23-7,jcc,2026-11-23,2026-11-23,single-day,School’s Out (K–5),8:25 am–3:15 pm,$75 member / $90 public per day,Published date; check seats,,"1937 W Cornwallis Rd, Durham",https://operations.daxko.com/Online/5190/ProgramsV2/OfferingDetails.mvc?offering_id=CI212773&program_id=CMP48774&location_id=B553,https://www.jewishforgood.org/schools-out-camp,,2026-09-12
ninja-2026-11-23-157,ninja,2026-11-23,2026-11-23,single-day,One Day Ninja Camp,8:30 am–3:30 pm,$75 per day,Listed open at last check,,"1810 Martin Luther King Jr Pkwy, Suite A, Durham",https://portal.iclasspro.com/usaninjadurham/camp-details/142?typeId=2&filters=%7B%22sorting%22:%22time%22%7D&campTypeName=One%20Day%20Camp&campTypeNamePlural=One%20Day%20Camps,https://usaninjachallenge.com/locations/durham-nc/camps,,2026-09-12
pwc-2026-11-23-62,pwc,2026-11-23,2026-11-23,single-day,Durham Wild For a Day - 11/23,9 am–3 pm; drop-off 8:30–9 am; pickup 2:45–3 pm,$80 per day,Registration listed; check seats,,"Leigh Farm Park, 364 Leigh Farm Rd, Durham",https://www.ultracamp.com/clientlogin.aspx?idCamp=1403&campcode=Pwc&lang=en-Us&return=registration/selectattendees.aspx?idsession=581803,https://www.ultracamp.com/info/sessionDetail.aspx?idCamp=1403&idSession=581803&campCode=Pwc,,2026-09-12
schoolhouse-2026-11-23-125,schoolhouse,2026-11-23,2026-11-24,multi-day,November 23-24: Dare to Explore 2-Day,9 am–5 pm,$189.00 per session,Published date; check seats,,"West Point on the Eno, EE Pavilion, 5253 N Roxboro St, Durham",https://app.amilia.com/store/en/schoolhouse-of-wonder/shop/activities/6933137,https://schoolhouseofwonder.org/camp-finder/november-23-24-dare-to-explore-2-day/,Whole session booking.,2026-09-12
soccer-2026-11-23-146,soccer,2026-11-23,2026-11-23,single-day,Teacher Workday Soccer Camp,9 am–1 pm,$70 per day,Published date; check seats,,"1800 Maryland Ave or E.K. Powe, Durham; confirm venue",https://www.durhamsocceracademy.com/teacherworkdaycampregistration,https://www.durhamsocceracademy.com/teacherworkdaycamps,,2026-09-12
dfc-2026-11-24,dfc,2026-11-24,2026-11-24,single-day,Mini Camp,8:30 am–5:30 pm,$80 member / $90 nonmember per day,Published date; check seats,,"10 Faculty Club Dr, Durham",https://app.courtreserve.com/Online/Events/Public/2472/2237282,https://facultyclub.duke.edu/camps/miniCamp/,,2026-09-14
dpr-2026-11-24-117,dpr,2026-11-24,2026-11-24,single-day,Fun Day,7:30 am–6 pm,City resident: $23.50 with Play More card / $26 without; non-city: $37 / $41,Published date; check seats,,"Walltown Park Recreation Center, Durham",https://anc.apm.activecommunities.com/dprplaymore/daycare/program/1082?onlineSiteId=0&locale=en-US&from_original_cui=true&online=true,https://www.dprplaymore.org/362/Fun-Days,,2026-09-12
jcc-2026-11-24-8,jcc,2026-11-24,2026-11-24,single-day,School’s Out (K–5),8:25 am–3:15 pm,$75 member / $90 public per day,Published date; check seats,,"1937 W Cornwallis Rd, Durham",https://operations.daxko.com/Online/5190/ProgramsV2/OfferingDetails.mvc?offering_id=CI212774&program_id=CMP48774&location_id=B553,https://www.jewishforgood.org/schools-out-camp,,2026-09-12
ninja-2026-11-24-158,ninja,2026-11-24,2026-11-24,single-day,One Day Ninja Camp,8:30 am–3:30 pm,$75 per day,Listed open at last check,,"1810 Martin Luther King Jr Pkwy, Suite A, Durham",https://portal.iclasspro.com/usaninjadurham/camp-details/143?typeId=2&filters=%7B%22sorting%22:%22time%22%7D&campTypeName=One%20Day%20Camp&campTypeNamePlural=One%20Day%20Camps,https://usaninjachallenge.com/locations/durham-nc/camps,,2026-09-12
pwc-2026-11-24-63,pwc,2026-11-24,2026-11-24,single-day,Durham Wild For a Day - 11/24,9 am–3 pm; drop-off 8:30–9 am; pickup 2:45–3 pm,$80 per day,Registration listed; check seats,,"Leigh Farm Park, 364 Leigh Farm Rd, Durham",https://www.ultracamp.com/clientlogin.aspx?idCamp=1403&campcode=Pwc&lang=en-Us&return=registration/selectattendees.aspx?idsession=581804,https://www.ultracamp.com/info/sessionDetail.aspx?idCamp=1403&idSession=581804&campCode=Pwc,,2026-09-12
soccer-2026-11-24-147,soccer,2026-11-24,2026-11-24,single-day,Teacher Workday Soccer Camp,9 am–1 pm,$70 per day,Published date; check seats,,"1800 Maryland Ave or E.K. Powe, Durham; confirm venue",https://www.durhamsocceracademy.com/teacherworkdaycampregistration,https://www.durhamsocceracademy.com/teacherworkdaycamps,,2026-09-12
dfc-2026-11-25,dfc,2026-11-25,2026-11-25,single-day,Mini Camp,8:30 am–5:30 pm,$80 member / $90 nonmember per day,Published date; check seats,,"10 Faculty Club Dr, Durham",https://app.courtreserve.com/Online/Events/Public/2472/2237282,https://facultyclub.duke.edu/camps/miniCamp/,,2026-09-14
dpr-2026-11-25-118,dpr,2026-11-25,2026-11-25,single-day,Fun Day,7:30 am–6 pm,City resident: $23.50 with Play More card / $26 without; non-city: $37 / $41,Published date; check seats,,"Walltown Park Recreation Center, Durham",https://anc.apm.activecommunities.com/dprplaymore/daycare/program/1083?onlineSiteId=0&locale=en-US&from_original_cui=true&online=true,https://www.dprplaymore.org/362/Fun-Days,,2026-09-12
jcc-2026-11-25-9,jcc,2026-11-25,2026-11-25,single-day,School’s Out (K–5),8:25 am–3:15 pm,$75 member / $90 public per day,Published date; check seats,,"1937 W Cornwallis Rd, Durham",https://operations.daxko.com/Online/5190/ProgramsV2/OfferingDetails.mvc?offering_id=CI212775&program_id=CMP48774&location_id=B553,https://www.jewishforgood.org/schools-out-camp,Before-care only; no aftercare on this date.,2026-09-12
ninja-2026-11-25-159,ninja,2026-11-25,2026-11-25,single-day,One Day Ninja Camp,8:30 am–3:30 pm,$75 per day,Listed open at last check,,"1810 Martin Luther King Jr Pkwy, Suite A, Durham",https://portal.iclasspro.com/usaninjadurham/camp-details/144?typeId=2&filters=%7B%22sorting%22:%22time%22%7D&campTypeName=One%20Day%20Camp&campTypeNamePlural=One%20Day%20Camps,https://usaninjachallenge.com/locations/durham-nc/camps,,2026-09-12
pwc-2026-11-25-64,pwc,2026-11-25,2026-11-25,single-day,Durham Wild For a Day - 11/25,9 am–3 pm; drop-off 8:30–9 am; pickup 2:45–3 pm,$80 per day,Registration listed; check seats,,"Leigh Farm Park, 364 Leigh Farm Rd, Durham",https://www.ultracamp.com/clientlogin.aspx?idCamp=1403&campcode=Pwc&lang=en-Us&return=registration/selectattendees.aspx?idsession=581805,https://www.ultracamp.com/info/sessionDetail.aspx?idCamp=1403&idSession=581805&campCode=Pwc,,2026-09-12
ninja-2026-11-27-160,ninja,2026-11-27,2026-11-27,single-day,One Day Ninja Camp,8:30 am–3:30 pm,$75 per day,Listed open at last check,,"1810 Martin Luther King Jr Pkwy, Suite A, Durham",https://portal.iclasspro.com/usaninjadurham/camp-details/145?typeId=2&filters=%7B%22sorting%22:%22time%22%7D&campTypeName=One%20Day%20Camp&campTypeNamePlural=One%20Day%20Camps,https://usaninjachallenge.com/locations/durham-nc/camps,,2026-09-12
schoolhouse-2026-12-18-122,schoolhouse,2026-12-18,2026-12-18,single-day,December 18 Discovery Day,9 am–5 pm,$99.00 per session,Published date; check seats,,"West Point on the Eno, EE Pavilion, 5253 N Roxboro St, Durham",https://app.amilia.com/store/en/schoolhouse-of-wonder/shop/activities/6933454,https://schoolhouseofwonder.org/camp-finder/december-18-discovery-day/,,2026-09-12
dfc-2026-12-21,dfc,2026-12-21,2026-12-21,single-day,Mini Camp,8:30 am–5:30 pm,$80 member / $90 nonmember per day,Published date; check seats,,"10 Faculty Club Dr, Durham",https://app.courtreserve.com/Online/Events/Public/2472/2237282,https://facultyclub.duke.edu/camps/miniCamp/,,2026-09-14
jcc-2026-12-21-10,jcc,2026-12-21,2026-12-21,single-day,School’s Out (K–5),8:25 am–3:15 pm,$75 member / $90 public per day,Published date; check seats,,"1937 W Cornwallis Rd, Durham",https://operations.daxko.com/Online/5190/ProgramsV2/OfferingDetails.mvc?offering_id=CI212776&program_id=CMP48774&location_id=B553,https://www.jewishforgood.org/schools-out-camp,,2026-09-12
museum-2026-12-21-85,museum,2026-12-21,2026-12-21,single-day,Schools Out Day Camp,9 am–5 pm,$100 member / $115 public per day,Spaces listed at last check,,"433 W Murray Ave, Durham",https://www.ultracamp.com/clientlogin.aspx?idCamp=518&campcode=mls&lang=en-Us&return=registration/selectattendees.aspx?idsession=586653,https://www.ultracamp.com/info/sessionDetail.aspx?idCamp=518&idSession=586653&campCode=mls,,2026-09-12
ninja-2026-12-21-161,ninja,2026-12-21,2026-12-21,single-day,One Day Ninja Camp,8:30 am–3:30 pm,$75 per day,Listed open at last check,,"1810 Martin Luther King Jr Pkwy, Suite A, Durham",https://portal.iclasspro.com/usaninjadurham/camp-details/146?typeId=2&filters=%7B%22sorting%22:%22time%22%7D&campTypeName=One%20Day%20Camp&campTypeNamePlural=One%20Day%20Camps,https://usaninjachallenge.com/locations/durham-nc/camps,,2026-09-12
pwc-2026-12-21-65,pwc,2026-12-21,2026-12-21,single-day,Durham Wild For a Day - 12/21,9 am–3 pm; drop-off 8:30–9 am; pickup 2:45–3 pm,$80 per day,Registration listed; check seats,,"Leigh Farm Park, 364 Leigh Farm Rd, Durham",https://www.ultracamp.com/clientlogin.aspx?idCamp=1403&campcode=Pwc&lang=en-Us&return=registration/selectattendees.aspx?idsession=581806,https://www.ultracamp.com/info/sessionDetail.aspx?idCamp=1403&idSession=581806&campCode=Pwc,,2026-09-12
soccer-2026-12-21-148,soccer,2026-12-21,2026-12-21,single-day,Teacher Workday Soccer Camp,9 am–1 pm,$70 per day,Published date; check seats,,"1800 Maryland Ave or E.K. Powe, Durham; confirm venue",https://www.durhamsocceracademy.com/teacherworkdaycampregistration,https://www.durhamsocceracademy.com/teacherworkdaycamps,,2026-09-12
dfc-2026-12-22,dfc,2026-12-22,2026-12-22,single-day,Mini Camp,8:30 am–5:30 pm,$80 member / $90 nonmember per day,Published date; check seats,,"10 Faculty Club Dr, Durham",https://app.courtreserve.com/Online/Events/Public/2472/2237282,https://facultyclub.duke.edu/camps/miniCamp/,,2026-09-14
jcc-2026-12-22-11,jcc,2026-12-22,2026-12-22,single-day,School’s Out (K–5),8:25 am–3:15 pm,$75 member / $90 public per day,Published date; check seats,,"1937 W Cornwallis Rd, Durham",https://operations.daxko.com/Online/5190/ProgramsV2/OfferingDetails.mvc?offering_id=CI212777&program_id=CMP48774&location_id=B553,https://www.jewishforgood.org/schools-out-camp,,2026-09-12
museum-2026-12-22-86,museum,2026-12-22,2026-12-22,single-day,Schools Out Day Camp,9 am–5 pm,$100 member / $115 public per day,Spaces listed at last check,,"433 W Murray Ave, Durham",https://www.ultracamp.com/clientlogin.aspx?idCamp=518&campcode=mls&lang=en-Us&return=registration/selectattendees.aspx?idsession=586654,https://www.ultracamp.com/info/sessionDetail.aspx?idCamp=518&idSession=586654&campCode=mls,,2026-09-12
ninja-2026-12-22-162,ninja,2026-12-22,2026-12-22,single-day,One Day Ninja Camp,8:30 am–3:30 pm,$75 per day,Listed open at last check,,"1810 Martin Luther King Jr Pkwy, Suite A, Durham",https://portal.iclasspro.com/usaninjadurham/camp-details/148?typeId=2&filters=%7B%22sorting%22:%22time%22%7D&campTypeName=One%20Day%20Camp&campTypeNamePlural=One%20Day%20Camps,https://usaninjachallenge.com/locations/durham-nc/camps,,2026-09-12
pwc-2026-12-22-66,pwc,2026-12-22,2026-12-22,single-day,Durham Wild For a Day - 12/22,9 am–3 pm; drop-off 8:30–9 am; pickup 2:45–3 pm,$80 per day,Registration listed; check seats,,"Leigh Farm Park, 364 Leigh Farm Rd, Durham",https://www.ultracamp.com/clientlogin.aspx?idCamp=1403&campcode=Pwc&lang=en-Us&return=registration/selectattendees.aspx?idsession=581807,https://www.ultracamp.com/info/sessionDetail.aspx?idCamp=1403&idSession=581807&campCode=Pwc,,2026-09-12
soccer-2026-12-22-149,soccer,2026-12-22,2026-12-22,single-day,Teacher Workday Soccer Camp,9 am–1 pm,$70 per day,Published date; check seats,,"1800 Maryland Ave or E.K. Powe, Durham; confirm venue",https://www.durhamsocceracademy.com/teacherworkdaycampregistration,https://www.durhamsocceracademy.com/teacherworkdaycamps,,2026-09-12
dfc-2026-12-23,dfc,2026-12-23,2026-12-23,single-day,Mini Camp,8:30 am–5:30 pm,$80 member / $90 nonmember per day,Published date; check seats,,"10 Faculty Club Dr, Durham",https://app.courtreserve.com/Online/Events/Public/2472/2237282,https://facultyclub.duke.edu/camps/miniCamp/,,2026-09-14
jcc-2026-12-23-12,jcc,2026-12-23,2026-12-23,single-day,School’s Out (K–5),8:25 am–3:15 pm,$75 member / $90 public per day,Published date; check seats,,"1937 W Cornwallis Rd, Durham",https://operations.daxko.com/Online/5190/ProgramsV2/OfferingDetails.mvc?offering_id=CI212778&program_id=CMP48774&location_id=B553,https://www.jewishforgood.org/schools-out-camp,,2026-09-12
ninja-2026-12-23-163,ninja,2026-12-23,2026-12-23,single-day,One Day Ninja Camp,8:30 am–3:30 pm,$75 per day,Listed open at last check,,"1810 Martin Luther King Jr Pkwy, Suite A, Durham",https://portal.iclasspro.com/usaninjadurham/camp-details/150?typeId=2&filters=%7B%22sorting%22:%22time%22%7D&campTypeName=One%20Day%20Camp&campTypeNamePlural=One%20Day%20Camps,https://usaninjachallenge.com/locations/durham-nc/camps,,2026-09-12
pwc-2026-12-23-67,pwc,2026-12-23,2026-12-23,single-day,Durham Wild For a Day - 12/23,9 am–3 pm; drop-off 8:30–9 am; pickup 2:45–3 pm,$80 per day,Registration listed; check seats,,"Leigh Farm Park, 364 Leigh Farm Rd, Durham",https://www.ultracamp.com/clientlogin.aspx?idCamp=1403&campcode=Pwc&lang=en-Us&return=registration/selectattendees.aspx?idsession=581808,https://www.ultracamp.com/info/sessionDetail.aspx?idCamp=1403&idSession=581808&campCode=Pwc,,2026-09-12
ninja-2026-12-24-164,ninja,2026-12-24,2026-12-24,single-day,One Day Ninja Camp,8:30 am–3:30 pm,$75 per day,Listed open at last check,,"1810 Martin Luther King Jr Pkwy, Suite A, Durham",https://portal.iclasspro.com/usaninjadurham/camp-details/152?typeId=2&filters=%7B%22sorting%22:%22time%22%7D&campTypeName=One%20Day%20Camp&campTypeNamePlural=One%20Day%20Camps,https://usaninjachallenge.com/locations/durham-nc/camps,,2026-09-12
dac-2026-12-28-104,dac,2026-12-28,2026-12-31,multi-day,School Break Arts Camp,9 am–3 pm; drop-off from 8 am,Short-week total: confirm with provider,Registration opens 2026-10-02,2026-10-02,"120 Morris St, Durham",https://secure.rec1.com/NC/durham-arts-council-nc/catalog,https://durhamarts.org/dac-art-camps/,Whole session booking; no individual-day option published.,2026-09-12
jcc-2026-12-28-13,jcc,2026-12-28,2026-12-28,single-day,School’s Out (K–5),8:25 am–3:15 pm,$75 member / $90 public per day,Published date; check seats,,"1937 W Cornwallis Rd, Durham",https://operations.daxko.com/Online/5190/ProgramsV2/OfferingDetails.mvc?offering_id=CI212779&program_id=CMP48774&location_id=B553,https://www.jewishforgood.org/schools-out-camp,,2026-09-12
museum-2026-12-28-87,museum,2026-12-28,2026-12-28,single-day,Schools Out Day Camp,9 am–5 pm,$100 member / $115 public per day,Spaces listed at last check,,"433 W Murray Ave, Durham",https://www.ultracamp.com/clientlogin.aspx?idCamp=518&campcode=mls&lang=en-Us&return=registration/selectattendees.aspx?idsession=586655,https://www.ultracamp.com/info/sessionDetail.aspx?idCamp=518&idSession=586655&campCode=mls,,2026-09-12
ninja-2026-12-28-165,ninja,2026-12-28,2026-12-28,single-day,One Day Ninja Camp,8:30 am–3:30 pm,$75 per day,Listed open at last check,,"1810 Martin Luther King Jr Pkwy, Suite A, Durham",https://portal.iclasspro.com/usaninjadurham/camp-details/147?typeId=2&filters=%7B%22sorting%22:%22time%22%7D&campTypeName=One%20Day%20Camp&campTypeNamePlural=One%20Day%20Camps,https://usaninjachallenge.com/locations/durham-nc/camps,,2026-09-12
pwc-2026-12-28-68,pwc,2026-12-28,2026-12-28,single-day,Durham Wild For a Day - 12/28,9 am–3 pm; drop-off 8:30–9 am; pickup 2:45–3 pm,$80 per day,Registration listed; check seats,,"Leigh Farm Park, 364 Leigh Farm Rd, Durham",https://www.ultracamp.com/clientlogin.aspx?idCamp=1403&campcode=Pwc&lang=en-Us&return=registration/selectattendees.aspx?idsession=581811,https://www.ultracamp.com/info/sessionDetail.aspx?idCamp=1403&idSession=581811&campCode=Pwc,,2026-09-12
soccer-2026-12-28-150,soccer,2026-12-28,2026-12-28,single-day,Teacher Workday Soccer Camp,9 am–1 pm,$70 per day,Published date; check seats,,"1800 Maryland Ave or E.K. Powe, Durham; confirm venue",https://www.durhamsocceracademy.com/teacherworkdaycampregistration,https://www.durhamsocceracademy.com/teacherworkdaycamps,,2026-09-12
jcc-2026-12-29-14,jcc,2026-12-29,2026-12-29,single-day,School’s Out (K–5),8:25 am–3:15 pm,$75 member / $90 public per day,Published date; check seats,,"1937 W Cornwallis Rd, Durham",https://operations.daxko.com/Online/5190/ProgramsV2/OfferingDetails.mvc?offering_id=CI212780&program_id=CMP48774&location_id=B553,https://www.jewishforgood.org/schools-out-camp,,2026-09-12
museum-2026-12-29-88,museum,2026-12-29,2026-12-29,single-day,Schools Out Day Camp,9 am–5 pm,$100 member / $115 public per day,Spaces listed at last check,,"433 W Murray Ave, Durham",https://www.ultracamp.com/clientlogin.aspx?idCamp=518&campcode=mls&lang=en-Us&return=registration/selectattendees.aspx?idsession=586656,https://www.ultracamp.com/info/sessionDetail.aspx?idCamp=518&idSession=586656&campCode=mls,,2026-09-12
ninja-2026-12-29-166,ninja,2026-12-29,2026-12-29,single-day,One Day Ninja Camp,8:30 am–3:30 pm,$75 per day,Listed open at last check,,"1810 Martin Luther King Jr Pkwy, Suite A, Durham",https://portal.iclasspro.com/usaninjadurham/camp-details/149?typeId=2&filters=%7B%22sorting%22:%22time%22%7D&campTypeName=One%20Day%20Camp&campTypeNamePlural=One%20Day%20Camps,https://usaninjachallenge.com/locations/durham-nc/camps,,2026-09-12
pwc-2026-12-29-69,pwc,2026-12-29,2026-12-29,single-day,Durham Wild For a Day - 12/29,9 am–3 pm; drop-off 8:30–9 am; pickup 2:45–3 pm,$80 per day,Registration listed; check seats,,"Leigh Farm Park, 364 Leigh Farm Rd, Durham",https://www.ultracamp.com/clientlogin.aspx?idCamp=1403&campcode=Pwc&lang=en-Us&return=registration/selectattendees.aspx?idsession=581812,https://www.ultracamp.com/info/sessionDetail.aspx?idCamp=1403&idSession=581812&campCode=Pwc,,2026-09-12
soccer-2026-12-29-151,soccer,2026-12-29,2026-12-29,single-day,Teacher Workday Soccer Camp,9 am–1 pm,$70 per day,Published date; check seats,,"1800 Maryland Ave or E.K. Powe, Durham; confirm venue",https://www.durhamsocceracademy.com/teacherworkdaycampregistration,https://www.durhamsocceracademy.com/teacherworkdaycamps,,2026-09-12
jcc-2026-12-30-15,jcc,2026-12-30,2026-12-30,single-day,School’s Out (K–5),8:25 am–3:15 pm,$75 member / $90 public per day,Published date; check seats,,"1937 W Cornwallis Rd, Durham",https://operations.daxko.com/Online/5190/ProgramsV2/OfferingDetails.mvc?offering_id=CI212781&program_id=CMP48774&location_id=B553,https://www.jewishforgood.org/schools-out-camp,,2026-09-12
museum-2026-12-30-89,museum,2026-12-30,2026-12-30,single-day,Schools Out Day Camp,9 am–5 pm,$100 member / $115 public per day,Spaces listed at last check,,"433 W Murray Ave, Durham",https://www.ultracamp.com/clientlogin.aspx?idCamp=518&campcode=mls&lang=en-Us&return=registration/selectattendees.aspx?idsession=586657,https://www.ultracamp.com/info/sessionDetail.aspx?idCamp=518&idSession=586657&campCode=mls,,2026-09-12
ninja-2026-12-30-167,ninja,2026-12-30,2026-12-30,single-day,One Day Ninja Camp,8:30 am–3:30 pm,$75 per day,Listed open at last check,,"1810 Martin Luther King Jr Pkwy, Suite A, Durham",https://portal.iclasspro.com/usaninjadurham/camp-details/151?typeId=2&filters=%7B%22sorting%22:%22time%22%7D&campTypeName=One%20Day%20Camp&campTypeNamePlural=One%20Day%20Camps,https://usaninjachallenge.com/locations/durham-nc/camps,,2026-09-12
pwc-2026-12-30-70,pwc,2026-12-30,2026-12-30,single-day,Durham Wild For a Day - 12/30,9 am–3 pm; drop-off 8:30–9 am; pickup 2:45–3 pm,$80 per day,Registration listed; check seats,,"Leigh Farm Park, 364 Leigh Farm Rd, Durham",https://www.ultracamp.com/clientlogin.aspx?idCamp=1403&campcode=Pwc&lang=en-Us&return=registration/selectattendees.aspx?idsession=581813,https://www.ultracamp.com/info/sessionDetail.aspx?idCamp=1403&idSession=581813&campCode=Pwc,,2026-09-12
soccer-2026-12-30-152,soccer,2026-12-30,2026-12-30,single-day,Teacher Workday Soccer Camp,9 am–1 pm,$70 per day,Published date; check seats,,"1800 Maryland Ave or E.K. Powe, Durham; confirm venue",https://www.durhamsocceracademy.com/teacherworkdaycampregistration,https://www.durhamsocceracademy.com/teacherworkdaycamps,,2026-09-12
museum-2026-12-31-90,museum,2026-12-31,2026-12-31,single-day,Schools Out Day Camp,9 am–5 pm,$100 member / $115 public per day,Spaces listed at last check,,"433 W Murray Ave, Durham",https://www.ultracamp.com/clientlogin.aspx?idCamp=518&campcode=mls&lang=en-Us&return=registration/selectattendees.aspx?idsession=586658,https://www.ultracamp.com/info/sessionDetail.aspx?idCamp=518&idSession=586658&campCode=mls,,2026-09-12
ninja-2026-12-31-168,ninja,2026-12-31,2026-12-31,single-day,One Day Ninja Camp,8:30 am–3:30 pm,$75 per day,Listed open at last check,,"1810 Martin Luther King Jr Pkwy, Suite A, Durham",https://portal.iclasspro.com/usaninjadurham/camp-details/153?typeId=2&filters=%7B%22sorting%22:%22time%22%7D&campTypeName=One%20Day%20Camp&campTypeNamePlural=One%20Day%20Camps,https://usaninjachallenge.com/locations/durham-nc/camps,,2026-09-12
pwc-2026-12-31-71,pwc,2026-12-31,2026-12-31,single-day,Durham Wild For a Day - 12/31,9 am–3 pm; drop-off 8:30–9 am; pickup 2:45–3 pm,$80 per day,Registration listed; check seats,,"Leigh Farm Park, 364 Leigh Farm Rd, Durham",https://www.ultracamp.com/clientlogin.aspx?idCamp=1403&campcode=Pwc&lang=en-Us&return=registration/selectattendees.aspx?idsession=581814,https://www.ultracamp.com/info/sessionDetail.aspx?idCamp=1403&idSession=581814&campCode=Pwc,,2026-09-12
dac-2027-01-04-105,dac,2027-01-04,2027-01-08,multi-day,School Break Arts Camp,9 am–3 pm; drop-off from 8 am,$275 per week; $250 additional sibling,Registration opens 2026-10-02,2026-10-02,"120 Morris St, Durham",https://secure.rec1.com/NC/durham-arts-council-nc/catalog,https://durhamarts.org/dac-art-camps/,Whole session booking; no individual-day option published.,2026-09-12
jcc-2027-01-04-16,jcc,2027-01-04,2027-01-04,single-day,School’s Out (K–5),8:25 am–3:15 pm,$75 member / $90 public per day,Published date; check seats,,"1937 W Cornwallis Rd, Durham",https://operations.daxko.com/Online/5190/ProgramsV2/OfferingDetails.mvc?offering_id=CI212782&program_id=CMP48774&location_id=B553,https://www.jewishforgood.org/schools-out-camp,,2026-09-12
ninja-2027-01-04-169,ninja,2027-01-04,2027-01-04,single-day,One Day Ninja Camp,8:30 am–3:30 pm,$75 per day,Listed open at last check,,"1810 Martin Luther King Jr Pkwy, Suite A, Durham",https://portal.iclasspro.com/usaninjadurham/camp-details/136?typeId=2&filters=%7B%22sorting%22:%22time%22%7D&campTypeName=One%20Day%20Camp&campTypeNamePlural=One%20Day%20Camps,https://usaninjachallenge.com/locations/durham-nc/camps,,2026-09-12
pwc-2027-01-04-72,pwc,2027-01-04,2027-01-04,single-day,Durham Wild For a Day - 1/4,9 am–3 pm; drop-off 8:30–9 am; pickup 2:45–3 pm,$80 per day,Registration listed; check seats,,"Leigh Farm Park, 364 Leigh Farm Rd, Durham",https://www.ultracamp.com/clientlogin.aspx?idCamp=1403&campcode=Pwc&lang=en-Us&return=registration/selectattendees.aspx?idsession=581815,https://www.ultracamp.com/info/sessionDetail.aspx?idCamp=1403&idSession=581815&campCode=Pwc,,2026-09-12
pwc-2027-01-05-73,pwc,2027-01-05,2027-01-05,single-day,Durham Wild For a Day - 1/5,9 am–3 pm; drop-off 8:30–9 am; pickup 2:45–3 pm,$80 per day,Registration listed; check seats,,"Leigh Farm Park, 364 Leigh Farm Rd, Durham",https://www.ultracamp.com/clientlogin.aspx?idCamp=1403&campcode=Pwc&lang=en-Us&return=registration/selectattendees.aspx?idsession=581816,https://www.ultracamp.com/info/sessionDetail.aspx?idCamp=1403&idSession=581816&campCode=Pwc,,2026-09-12
pwc-2027-01-06-74,pwc,2027-01-06,2027-01-06,single-day,Durham Wild For a Day - 1/6,9 am–3 pm; drop-off 8:30–9 am; pickup 2:45–3 pm,$80 per day,Registration listed; check seats,,"Leigh Farm Park, 364 Leigh Farm Rd, Durham",https://www.ultracamp.com/clientlogin.aspx?idCamp=1403&campcode=Pwc&lang=en-Us&return=registration/selectattendees.aspx?idsession=581817,https://www.ultracamp.com/info/sessionDetail.aspx?idCamp=1403&idSession=581817&campCode=Pwc,,2026-09-12
pwc-2027-01-07-75,pwc,2027-01-07,2027-01-07,single-day,Durham Wild For a Day - 1/7,9 am–3 pm; drop-off 8:30–9 am; pickup 2:45–3 pm,$80 per day,Registration listed; check seats,,"Leigh Farm Park, 364 Leigh Farm Rd, Durham",https://www.ultracamp.com/clientlogin.aspx?idCamp=1403&campcode=Pwc&lang=en-Us&return=registration/selectattendees.aspx?idsession=581818,https://www.ultracamp.com/info/sessionDetail.aspx?idCamp=1403&idSession=581818&campCode=Pwc,,2026-09-12
pwc-2027-01-08-76,pwc,2027-01-08,2027-01-08,single-day,Durham Wild For a Day - 1/8,9 am–3 pm; drop-off 8:30–9 am; pickup 2:45–3 pm,$80 per day,Registration listed; check seats,,"Leigh Farm Park, 364 Leigh Farm Rd, Durham",https://www.ultracamp.com/clientlogin.aspx?idCamp=1403&campcode=Pwc&lang=en-Us&return=registration/selectattendees.aspx?idsession=581819,https://www.ultracamp.com/info/sessionDetail.aspx?idCamp=1403&idSession=581819&campCode=Pwc,,2026-09-12
dfc-2027-01-18,dfc,2027-01-18,2027-01-18,single-day,Mini Camp,8:30 am–5:30 pm,$80 member / $90 nonmember per day,Published date; check seats,,"10 Faculty Club Dr, Durham",https://app.courtreserve.com/Online/Events/Public/2472/2237282,https://facultyclub.duke.edu/camps/miniCamp/,,2026-09-14
jcc-2027-01-18-17,jcc,2027-01-18,2027-01-18,single-day,School’s Out (K–5),8:25 am–3:15 pm,$75 member / $90 public per day,Published date; check seats,,"1937 W Cornwallis Rd, Durham",https://operations.daxko.com/Online/5190/ProgramsV2/OfferingDetails.mvc?offering_id=CI212783&program_id=CMP48774&location_id=B553,https://www.jewishforgood.org/schools-out-camp,,2026-09-12
museum-2027-01-18-91,museum,2027-01-18,2027-01-18,single-day,Schools Out Day Camp,9 am–5 pm,$100 member / $115 public per day,Spaces listed at last check,,"433 W Murray Ave, Durham",https://www.ultracamp.com/clientlogin.aspx?idCamp=518&campcode=mls&lang=en-Us&return=registration/selectattendees.aspx?idsession=586659,https://www.ultracamp.com/info/sessionDetail.aspx?idCamp=518&idSession=586659&campCode=mls,,2026-09-12
ninja-2027-01-18-170,ninja,2027-01-18,2027-01-18,single-day,One Day Ninja Camp,8:30 am–3:30 pm,$75 per day,Listed open at last check,,"1810 Martin Luther King Jr Pkwy, Suite A, Durham",https://portal.iclasspro.com/usaninjadurham/camp-details/137?typeId=2&filters=%7B%22sorting%22:%22time%22%7D&campTypeName=One%20Day%20Camp&campTypeNamePlural=One%20Day%20Camps,https://usaninjachallenge.com/locations/durham-nc/camps,,2026-09-12
pwc-2027-01-18-77,pwc,2027-01-18,2027-01-18,single-day,Durham Wild For a Day - 1/18,9 am–3 pm; drop-off 8:30–9 am; pickup 2:45–3 pm,$80 per day,Registration listed; check seats,,"Leigh Farm Park, 364 Leigh Farm Rd, Durham",https://www.ultracamp.com/clientlogin.aspx?idCamp=1403&campcode=Pwc&lang=en-Us&return=registration/selectattendees.aspx?idsession=581820,https://www.ultracamp.com/info/sessionDetail.aspx?idCamp=1403&idSession=581820&campCode=Pwc,,2026-09-12
dac-2027-01-19-106,dac,2027-01-19,2027-01-19,single-day,School Break Arts Camp,9 am–3 pm; drop-off from 8 am,$60 per day,Registration opens 2026-10-02,2026-10-02,"120 Morris St, Durham",https://secure.rec1.com/NC/durham-arts-council-nc/catalog,https://durhamarts.org/dac-art-camps/,,2026-09-12
dfc-2027-01-19,dfc,2027-01-19,2027-01-19,single-day,Mini Camp,8:30 am–5:30 pm,$80 member / $90 nonmember per day,Published date; check seats,,"10 Faculty Club Dr, Durham",https://app.courtreserve.com/Online/Events/Public/2472/2237282,https://facultyclub.duke.edu/camps/miniCamp/,,2026-09-14
dpr-2027-01-19-119,dpr,2027-01-19,2027-01-19,single-day,Fun Day,7:30 am–6 pm,City resident: $23.50 with Play More card / $26 without; non-city: $37 / $41,Published date; check seats,,"W.D. Hill Recreation Center, Durham",https://anc.apm.activecommunities.com/dprplaymore/daycare/program/1089?onlineSiteId=0&locale=en-US&from_original_cui=true&online=true,https://www.dprplaymore.org/362/Fun-Days,,2026-09-12
jcc-2027-01-19-18,jcc,2027-01-19,2027-01-19,single-day,School’s Out (K–5),8:25 am–3:15 pm,$75 member / $90 public per day,Published date; check seats,,"1937 W Cornwallis Rd, Durham",https://operations.daxko.com/Online/5190/ProgramsV2/OfferingDetails.mvc?offering_id=CI212784&program_id=CMP48774&location_id=B553,https://www.jewishforgood.org/schools-out-camp,,2026-09-12
museum-2027-01-19-92,museum,2027-01-19,2027-01-19,single-day,Schools Out Day Camp,9 am–5 pm,$100 member / $115 public per day,Spaces listed at last check,,"433 W Murray Ave, Durham",https://www.ultracamp.com/clientlogin.aspx?idCamp=518&campcode=mls&lang=en-Us&return=registration/selectattendees.aspx?idsession=586660,https://www.ultracamp.com/info/sessionDetail.aspx?idCamp=518&idSession=586660&campCode=mls,,2026-09-12
pwc-2027-01-19-78,pwc,2027-01-19,2027-01-19,single-day,Durham Wild For a Day - 1/19,9 am–3 pm; drop-off 8:30–9 am; pickup 2:45–3 pm,$80 per day,Registration listed; check seats,,"Leigh Farm Park, 364 Leigh Farm Rd, Durham",https://www.ultracamp.com/clientlogin.aspx?idCamp=1403&campcode=Pwc&lang=en-Us&return=registration/selectattendees.aspx?idsession=581927,https://www.ultracamp.com/info/sessionDetail.aspx?idCamp=1403&idSession=581927&campCode=Pwc,,2026-09-12
walltown-2027-01-19-48,walltown,2027-01-19,2027-01-19,single-day,Teacher Workday Camp,8:30 am–5 pm,$75 per day,Published date; check seats,,"1225 Berkeley St, Durham",https://dancestudio-pro.com/online/walltownchildrenstheatre,https://www.walltownchildrenstheatre.org/teacher-workday-camps.html,,2026-09-12
jcc-2027-01-25-19,jcc,2027-01-25,2027-01-25,single-day,School’s Out (K–5),8:25 am–3:15 pm,$75 member / $90 public per day,Published date; check seats,,"1937 W Cornwallis Rd, Durham",https://operations.daxko.com/Online/5190/ProgramsV2/OfferingDetails.mvc?offering_id=CI212786&program_id=CMP48774&location_id=B553,https://www.jewishforgood.org/schools-out-camp,,2026-09-12
ninja-2027-01-25-171,ninja,2027-01-25,2027-01-25,single-day,One Day Ninja Camp,8:30 am–3:30 pm,$75 per day,Listed open at last check,,"1810 Martin Luther King Jr Pkwy, Suite A, Durham",https://portal.iclasspro.com/usaninjadurham/camp-details/138?typeId=2&filters=%7B%22sorting%22:%22time%22%7D&campTypeName=One%20Day%20Camp&campTypeNamePlural=One%20Day%20Camps,https://usaninjachallenge.com/locations/durham-nc/camps,,2026-09-12
jcc-2027-01-26-20,jcc,2027-01-26,2027-01-26,single-day,School’s Out (K–5),8:25 am–3:15 pm,$75 member / $90 public per day,Published date; check seats,,"1937 W Cornwallis Rd, Durham",https://operations.daxko.com/Online/5190/ProgramsV2/OfferingDetails.mvc?offering_id=CI212787&program_id=CMP48774&location_id=B553,https://www.jewishforgood.org/schools-out-camp,,2026-09-12
dac-2027-02-10-107,dac,2027-02-10,2027-02-10,single-day,School Break Arts Camp,9 am–3 pm; drop-off from 8 am,$60 per day,Registration opens 2026-10-02,2026-10-02,"120 Morris St, Durham",https://secure.rec1.com/NC/durham-arts-council-nc/catalog,https://durhamarts.org/dac-art-camps/,,2026-09-12
dfc-2027-02-10,dfc,2027-02-10,2027-02-10,single-day,Mini Camp,8:30 am–5:30 pm,$80 member / $90 nonmember per day,Published date; check seats,,"10 Faculty Club Dr, Durham",https://app.courtreserve.com/Online/Events/Public/2472/2237282,https://facultyclub.duke.edu/camps/miniCamp/,,2026-09-14
jcc-2027-02-10-21,jcc,2027-02-10,2027-02-10,single-day,School’s Out (K–5),8:25 am–3:15 pm,$75 member / $90 public per day,Published date; check seats,,"1937 W Cornwallis Rd, Durham",https://operations.daxko.com/Online/5190/ProgramsV2/OfferingDetails.mvc?offering_id=CI212789&program_id=CMP48774&location_id=B553,https://www.jewishforgood.org/schools-out-camp,,2026-09-12
museum-2027-02-10-93,museum,2027-02-10,2027-02-10,single-day,Schools Out Day Camp,9 am–5 pm,$100 member / $115 public per day,Spaces listed at last check,,"433 W Murray Ave, Durham",https://www.ultracamp.com/clientlogin.aspx?idCamp=518&campcode=mls&lang=en-Us&return=registration/selectattendees.aspx?idsession=586661,https://www.ultracamp.com/info/sessionDetail.aspx?idCamp=518&idSession=586661&campCode=mls,,2026-09-12
pwc-2027-02-10-79,pwc,2027-02-10,2027-02-10,single-day,Durham Wild For a Day - 2/10,9 am–3 pm; drop-off 8:30–9 am; pickup 2:45–3 pm,$80 per day,Registration listed; check seats,,"Leigh Farm Park, 364 Leigh Farm Rd, Durham",https://www.ultracamp.com/clientlogin.aspx?idCamp=1403&campcode=Pwc&lang=en-Us&return=registration/selectattendees.aspx?idsession=581928,https://www.ultracamp.com/info/sessionDetail.aspx?idCamp=1403&idSession=581928&campCode=Pwc,,2026-09-12
walltown-2027-02-10-49,walltown,2027-02-10,2027-02-10,single-day,Teacher Workday Camp,8:30 am–5 pm,$75 per day,Published date; check seats,,"1225 Berkeley St, Durham",https://dancestudio-pro.com/online/walltownchildrenstheatre,https://www.walltownchildrenstheatre.org/teacher-workday-camps.html,,2026-09-12
jcc-2027-02-12-22,jcc,2027-02-12,2027-02-12,single-day,School’s Out (K–5),8:25 am–3:15 pm,$75 member / $90 public per day,Published date; check seats,,"1937 W Cornwallis Rd, Durham",https://operations.daxko.com/Online/5190/ProgramsV2/OfferingDetails.mvc?offering_id=CI212790&program_id=CMP48774&location_id=B553,https://www.jewishforgood.org/schools-out-camp,,2026-09-12
jcc-2027-02-15-23,jcc,2027-02-15,2027-02-15,single-day,School’s Out (K–5),8:25 am–3:15 pm,$75 member / $90 public per day,Published date; check seats,,"1937 W Cornwallis Rd, Durham",https://operations.daxko.com/Online/5190/ProgramsV2/OfferingDetails.mvc?offering_id=CI212792&program_id=CMP48774&location_id=B553,https://www.jewishforgood.org/schools-out-camp,,2026-09-12
ninja-2027-02-15-172,ninja,2027-02-15,2027-02-15,single-day,One Day Ninja Camp,8:30 am–3:30 pm,$75 per day,Listed open at last check,,"1810 Martin Luther King Jr Pkwy, Suite A, Durham",https://portal.iclasspro.com/usaninjadurham/camp-details/139?typeId=2&filters=%7B%22sorting%22:%22time%22%7D&campTypeName=One%20Day%20Camp&campTypeNamePlural=One%20Day%20Camps,https://usaninjachallenge.com/locations/durham-nc/camps,,2026-09-12
jcc-2027-03-10-24,jcc,2027-03-10,2027-03-10,single-day,School’s Out (K–5),8:25 am–3:15 pm,$75 member / $90 public per day,Published date; check seats,,"1937 W Cornwallis Rd, Durham",https://operations.daxko.com/Online/5190/ProgramsV2/OfferingDetails.mvc?offering_id=CI212794&program_id=CMP48774&location_id=B553,https://www.jewishforgood.org/schools-out-camp,,2026-09-12
dac-2027-03-15-108,dac,2027-03-15,2027-03-19,multi-day,School Break Arts Camp,9 am–3 pm; drop-off from 8 am,$275 per week; $250 additional sibling,Registration opens 2026-12-04,2026-12-04,"120 Morris St, Durham",https://secure.rec1.com/NC/durham-arts-council-nc/catalog,https://durhamarts.org/dac-art-camps/,Whole session booking; no individual-day option published.,2026-09-12
ninja-2027-03-15-173,ninja,2027-03-15,2027-03-15,single-day,One Day Ninja Camp,8:30 am–3:30 pm,$75 per day,Listed open at last check,,"1810 Martin Luther King Jr Pkwy, Suite A, Durham",https://portal.iclasspro.com/usaninjadurham/camp-details/154?typeId=2&filters=%7B%22sorting%22:%22time%22%7D&campTypeName=One%20Day%20Camp&campTypeNamePlural=One%20Day%20Camps,https://usaninjachallenge.com/locations/durham-nc/camps,,2026-09-12
pwc-2027-03-15-55,pwc,2027-03-15,2027-03-19,multi-day,Durham Intersession - Unbe-LEAF-able,9 am–3 pm; drop-off 8:30–9 am; pickup 2:45–3 pm,$385 per week,Registration listed; check seats,,"Leigh Farm Park, 364 Leigh Farm Rd, Durham",https://www.ultracamp.com/clientlogin.aspx?idCamp=1403&campcode=Pwc&lang=en-Us&return=registration/selectattendees.aspx?idsession=583243,https://www.ultracamp.com/info/sessionDetail.aspx?idCamp=1403&idSession=583243&campCode=Pwc,,2026-09-12
dac-2027-03-22-109,dac,2027-03-22,2027-03-26,multi-day,School Break Arts Camp,9 am–3 pm; drop-off from 8 am,$275 per week; $250 additional sibling,Registration opens 2026-12-04,2026-12-04,"120 Morris St, Durham",https://secure.rec1.com/NC/durham-arts-council-nc/catalog,https://durhamarts.org/dac-art-camps/,Whole session booking; no individual-day option published.,2026-09-12
jcc-2027-03-22-25,jcc,2027-03-22,2027-03-22,single-day,School’s Out (K–5),8:25 am–3:15 pm,$75 member / $90 public per day,Published date; check seats,,"1937 W Cornwallis Rd, Durham",https://operations.daxko.com/Online/5190/ProgramsV2/OfferingDetails.mvc?offering_id=CI212796&program_id=CMP48774&location_id=B553,https://www.jewishforgood.org/schools-out-camp,,2026-09-12
ninja-2027-03-22-174,ninja,2027-03-22,2027-03-22,single-day,One Day Ninja Camp,8:30 am–3:30 pm,$75 per day,Listed open at last check,,"1810 Martin Luther King Jr Pkwy, Suite A, Durham",https://portal.iclasspro.com/usaninjadurham/camp-details/155?typeId=2&filters=%7B%22sorting%22:%22time%22%7D&campTypeName=One%20Day%20Camp&campTypeNamePlural=One%20Day%20Camps,https://usaninjachallenge.com/locations/durham-nc/camps,,2026-09-12
pwc-2027-03-22-56,pwc,2027-03-22,2027-03-26,multi-day,Durham Intersession - Wildlife Science,9 am–3 pm; drop-off 8:30–9 am; pickup 2:45–3 pm,$385 per week,Registration listed; check seats,,"Leigh Farm Park, 364 Leigh Farm Rd, Durham",https://www.ultracamp.com/clientlogin.aspx?idCamp=1403&campcode=Pwc&lang=en-Us&return=registration/selectattendees.aspx?idsession=583244,https://www.ultracamp.com/info/sessionDetail.aspx?idCamp=1403&idSession=583244&campCode=Pwc,,2026-09-12
jcc-2027-03-23-26,jcc,2027-03-23,2027-03-23,single-day,School’s Out (K–5),8:25 am–3:15 pm,$75 member / $90 public per day,Published date; check seats,,"1937 W Cornwallis Rd, Durham",https://operations.daxko.com/Online/5190/ProgramsV2/OfferingDetails.mvc?offering_id=CI212797&program_id=CMP48774&location_id=B553,https://www.jewishforgood.org/schools-out-camp,,2026-09-12
jcc-2027-03-24-27,jcc,2027-03-24,2027-03-24,single-day,School’s Out (K–5),8:25 am–3:15 pm,$75 member / $90 public per day,Published date; check seats,,"1937 W Cornwallis Rd, Durham",https://operations.daxko.com/Online/5190/ProgramsV2/OfferingDetails.mvc?offering_id=CI212799&program_id=CMP48774&location_id=B553,https://www.jewishforgood.org/schools-out-camp,,2026-09-12
jcc-2027-03-25-28,jcc,2027-03-25,2027-03-25,single-day,School’s Out (K–5),8:25 am–3:15 pm,$75 member / $90 public per day,Published date; check seats,,"1937 W Cornwallis Rd, Durham",https://operations.daxko.com/Online/5190/ProgramsV2/OfferingDetails.mvc?offering_id=CI212800&program_id=CMP48774&location_id=B553,https://www.jewishforgood.org/schools-out-camp,,2026-09-12
jcc-2027-03-26-29,jcc,2027-03-26,2027-03-26,single-day,School’s Out (K–5),8:25 am–3:15 pm,$75 member / $90 public per day,Published date; check seats,,"1937 W Cornwallis Rd, Durham",https://operations.daxko.com/Online/5190/ProgramsV2/OfferingDetails.mvc?offering_id=CI212801&program_id=CMP48774&location_id=B553,https://www.jewishforgood.org/schools-out-camp,,2026-09-12
dac-2027-03-29-110,dac,2027-03-29,2027-04-02,multi-day,School Break Arts Camp,9 am–3 pm; drop-off from 8 am,$275 per week; $250 additional sibling,Registration opens 2026-12-04,2026-12-04,"120 Morris St, Durham",https://secure.rec1.com/NC/durham-arts-council-nc/catalog,https://durhamarts.org/dac-art-camps/,Whole session booking; no individual-day option published.,2026-09-12
jcc-2027-03-29-30,jcc,2027-03-29,2027-03-29,single-day,School’s Out (K–5),8:25 am–3:15 pm,$75 member / $90 public per day,Published date; check seats,,"1937 W Cornwallis Rd, Durham",https://operations.daxko.com/Online/5190/ProgramsV2/OfferingDetails.mvc?offering_id=CI212802&program_id=CMP48774&location_id=B553,https://www.jewishforgood.org/schools-out-camp,,2026-09-12
ninja-2027-03-29-175,ninja,2027-03-29,2027-03-29,single-day,One Day Ninja Camp,8:30 am–3:30 pm,$75 per day,Listed open at last check,,"1810 Martin Luther King Jr Pkwy, Suite A, Durham",https://portal.iclasspro.com/usaninjadurham/camp-details/156?typeId=2&filters=%7B%22sorting%22:%22time%22%7D&campTypeName=One%20Day%20Camp&campTypeNamePlural=One%20Day%20Camps,https://usaninjachallenge.com/locations/durham-nc/camps,,2026-09-12
pwc-2027-03-29-57,pwc,2027-03-29,2027-04-02,multi-day,Durham Intersession - Fairy Folklore,9 am–3 pm; drop-off 8:30–9 am; pickup 2:45–3 pm,$385 per week,Registration listed; check seats,,"Leigh Farm Park, 364 Leigh Farm Rd, Durham",https://www.ultracamp.com/clientlogin.aspx?idCamp=1403&campcode=Pwc&lang=en-Us&return=registration/selectattendees.aspx?idsession=583245,https://www.ultracamp.com/info/sessionDetail.aspx?idCamp=1403&idSession=583245&campCode=Pwc,,2026-09-12
jcc-2027-03-30-31,jcc,2027-03-30,2027-03-30,single-day,School’s Out (K–5),8:25 am–3:15 pm,$75 member / $90 public per day,Published date; check seats,,"1937 W Cornwallis Rd, Durham",https://operations.daxko.com/Online/5190/ProgramsV2/OfferingDetails.mvc?offering_id=CI212803&program_id=CMP48774&location_id=B553,https://www.jewishforgood.org/schools-out-camp,,2026-09-12
jcc-2027-03-31-32,jcc,2027-03-31,2027-03-31,single-day,School’s Out (K–5),8:25 am–3:15 pm,$75 member / $90 public per day,Published date; check seats,,"1937 W Cornwallis Rd, Durham",https://operations.daxko.com/Online/5190/ProgramsV2/OfferingDetails.mvc?offering_id=CI212804&program_id=CMP48774&location_id=B553,https://www.jewishforgood.org/schools-out-camp,,2026-09-12
jcc-2027-04-01-33,jcc,2027-04-01,2027-04-01,single-day,School’s Out (K–5),8:25 am–3:15 pm,$75 member / $90 public per day,Published date; check seats,,"1937 W Cornwallis Rd, Durham",https://operations.daxko.com/Online/5190/ProgramsV2/OfferingDetails.mvc?offering_id=CI212805&program_id=CMP48774&location_id=B553,https://www.jewishforgood.org/schools-out-camp,,2026-09-12
jcc-2027-04-02-34,jcc,2027-04-02,2027-04-02,single-day,School’s Out (K–5),8:25 am–3:15 pm,$75 member / $90 public per day,Published date; check seats,,"1937 W Cornwallis Rd, Durham",https://operations.daxko.com/Online/5190/ProgramsV2/OfferingDetails.mvc?offering_id=CI212806&program_id=CMP48774&location_id=B553,https://www.jewishforgood.org/schools-out-camp,,2026-09-12
dac-2027-04-05-111,dac,2027-04-05,2027-04-05,single-day,School Break Arts Camp,9 am–3 pm; drop-off from 8 am,$60 per day,Registration opens 2026-12-04,2026-12-04,"120 Morris St, Durham",https://secure.rec1.com/NC/durham-arts-council-nc/catalog,https://durhamarts.org/dac-art-camps/,,2026-09-12
dpr-2027-04-05-120,dpr,2027-04-05,2027-04-05,single-day,Fun Day,7:30 am–6 pm,City resident: $23.50 with Play More card / $26 without; non-city: $37 / $41,Published date; check seats,,"Edison Johnson Recreation Center, Durham",https://anc.apm.activecommunities.com/dprplaymore/daycare/program/1087?onlineSiteId=0&locale=en-US&from_original_cui=true&online=true,https://www.dprplaymore.org/362/Fun-Days,,2026-09-12
jcc-2027-04-05-35,jcc,2027-04-05,2027-04-05,single-day,School’s Out (K–5),8:25 am–3:15 pm,$75 member / $90 public per day,Published date; check seats,,"1937 W Cornwallis Rd, Durham",https://operations.daxko.com/Online/5190/ProgramsV2/OfferingDetails.mvc?offering_id=CI212807&program_id=CMP48774&location_id=B553,https://www.jewishforgood.org/schools-out-camp,,2026-09-12
museum-2027-04-05-94,museum,2027-04-05,2027-04-05,single-day,Schools Out Day Camp,9 am–5 pm,$100 member / $115 public per day,Spaces listed at last check,,"433 W Murray Ave, Durham",https://www.ultracamp.com/clientlogin.aspx?idCamp=518&campcode=mls&lang=en-Us&return=registration/selectattendees.aspx?idsession=586662,https://www.ultracamp.com/info/sessionDetail.aspx?idCamp=518&idSession=586662&campCode=mls,,2026-09-12
pwc-2027-04-05-80,pwc,2027-04-05,2027-04-05,single-day,Durham Wild For a Day - 4/5,9 am–3 pm; drop-off 8:30–9 am; pickup 2:45–3 pm,$80 per day,Registration listed; check seats,,"Leigh Farm Park, 364 Leigh Farm Rd, Durham",https://www.ultracamp.com/clientlogin.aspx?idCamp=1403&campcode=Pwc&lang=en-Us&return=registration/selectattendees.aspx?idsession=581929,https://www.ultracamp.com/info/sessionDetail.aspx?idCamp=1403&idSession=581929&campCode=Pwc,,2026-09-12
walltown-2027-04-05-50,walltown,2027-04-05,2027-04-05,single-day,Teacher Workday Camp,8:30 am–5 pm,$75 per day,Published date; check seats,,"1225 Berkeley St, Durham",https://dancestudio-pro.com/online/walltownchildrenstheatre,https://www.walltownchildrenstheatre.org/teacher-workday-camps.html,,2026-09-12
jcc-2027-04-09-36,jcc,2027-04-09,2027-04-09,single-day,School’s Out (K–5),8:25 am–3:15 pm,$75 member / $90 public per day,Published date; check seats,,"1937 W Cornwallis Rd, Durham",https://operations.daxko.com/Online/5190/ProgramsV2/OfferingDetails.mvc?offering_id=CI212808&program_id=CMP48774&location_id=B553,https://www.jewishforgood.org/schools-out-camp,,2026-09-12
jcc-2027-04-21-37,jcc,2027-04-21,2027-04-21,single-day,School’s Out (K–5),8:25 am–3:15 pm,$75 member / $90 public per day,Published date; check seats,,"1937 W Cornwallis Rd, Durham",https://operations.daxko.com/Online/5190/ProgramsV2/OfferingDetails.mvc?offering_id=CI212809&program_id=CMP48774&location_id=B553,https://www.jewishforgood.org/schools-out-camp,Before-care only; no aftercare on this date.,2026-09-12
jcc-2027-04-22-38,jcc,2027-04-22,2027-04-22,single-day,School’s Out (K–5),8:25 am–3:15 pm,$75 member / $90 public per day,Published date; check seats,,"1937 W Cornwallis Rd, Durham",https://operations.daxko.com/Online/5190/ProgramsV2/OfferingDetails.mvc?offering_id=CI212810&program_id=CMP48774&location_id=B553,https://www.jewishforgood.org/schools-out-camp,,2026-09-12
jcc-2027-04-23-39,jcc,2027-04-23,2027-04-23,single-day,School’s Out (K–5),8:25 am–3:15 pm,$75 member / $90 public per day,Published date; check seats,,"1937 W Cornwallis Rd, Durham",https://operations.daxko.com/Online/5190/ProgramsV2/OfferingDetails.mvc?offering_id=CI212811&program_id=CMP48774&location_id=B553,https://www.jewishforgood.org/schools-out-camp,,2026-09-12
jcc-2027-04-26-40,jcc,2027-04-26,2027-04-26,single-day,School’s Out (K–5),8:25 am–3:15 pm,$75 member / $90 public per day,Published date; check seats,,"1937 W Cornwallis Rd, Durham",https://operations.daxko.com/Online/5190/ProgramsV2/OfferingDetails.mvc?offering_id=CI212812&program_id=CMP48774&location_id=B553,https://www.jewishforgood.org/schools-out-camp,,2026-09-12
jcc-2027-04-27-41,jcc,2027-04-27,2027-04-27,single-day,School’s Out (K–5),8:25 am–3:15 pm,$75 member / $90 public per day,Published date; check seats,,"1937 W Cornwallis Rd, Durham",https://operations.daxko.com/Online/5190/ProgramsV2/OfferingDetails.mvc?offering_id=CI212813&program_id=CMP48774&location_id=B553,https://www.jewishforgood.org/schools-out-camp,,2026-09-12
dac-2027-04-28-112,dac,2027-04-28,2027-04-28,single-day,School Break Arts Camp,9 am–3 pm; drop-off from 8 am,$60 per day,Registration opens 2026-12-04,2026-12-04,"120 Morris St, Durham",https://secure.rec1.com/NC/durham-arts-council-nc/catalog,https://durhamarts.org/dac-art-camps/,,2026-09-12
dpr-2027-04-28-121,dpr,2027-04-28,2027-04-28,single-day,Fun Day,7:30 am–6 pm,City resident: $23.50 with Play More card / $26 without; non-city: $37 / $41,Published date; check seats,,"Walltown Park Recreation Center, Durham",https://anc.apm.activecommunities.com/dprplaymore/daycare/program/1088?onlineSiteId=0&locale=en-US&from_original_cui=true&online=true,https://www.dprplaymore.org/362/Fun-Days,,2026-09-12
jcc-2027-04-28-42,jcc,2027-04-28,2027-04-28,single-day,School’s Out (K–5),8:25 am–3:15 pm,$75 member / $90 public per day,Published date; check seats,,"1937 W Cornwallis Rd, Durham",https://operations.daxko.com/Online/5190/ProgramsV2/OfferingDetails.mvc?offering_id=CI212814&program_id=CMP48774&location_id=B553,https://www.jewishforgood.org/schools-out-camp,,2026-09-12
walltown-2027-04-28-51,walltown,2027-04-28,2027-04-28,single-day,Teacher Workday Camp,8:30 am–5 pm,$75 per day,Published date; check seats,,"1225 Berkeley St, Durham",https://dancestudio-pro.com/online/walltownchildrenstheatre,https://www.walltownchildrenstheatre.org/teacher-workday-camps.html,,2026-09-12
jcc-2027-04-29-43,jcc,2027-04-29,2027-04-29,single-day,School’s Out (K–5),8:25 am–3:15 pm,$75 member / $90 public per day,Published date; check seats,,"1937 W Cornwallis Rd, Durham",https://operations.daxko.com/Online/5190/ProgramsV2/OfferingDetails.mvc?offering_id=CI212815&program_id=CMP48774&location_id=B553,https://www.jewishforgood.org/schools-out-camp,,2026-09-12
jcc-2027-04-30-44,jcc,2027-04-30,2027-04-30,single-day,School’s Out (K–5),8:25 am–3:15 pm,$75 member / $90 public per day,Published date; check seats,,"1937 W Cornwallis Rd, Durham",https://operations.daxko.com/Online/5190/ProgramsV2/OfferingDetails.mvc?offering_id=CI212816&program_id=CMP48774&location_id=B553,https://www.jewishforgood.org/schools-out-camp,,2026-09-12
jcc-2027-05-10-45,jcc,2027-05-10,2027-05-10,single-day,School’s Out (K–5),8:25 am–3:15 pm,$75 member / $90 public per day,Published date; check seats,,"1937 W Cornwallis Rd, Durham",https://operations.daxko.com/Online/5190/ProgramsV2/OfferingDetails.mvc?offering_id=CI212817&program_id=CMP48774&location_id=B553,https://www.jewishforgood.org/schools-out-camp,,2026-09-12
ninja-2027-05-10-176,ninja,2027-05-10,2027-05-10,single-day,One Day Ninja Camp,8:30 am–3:30 pm,$75 per day,Listed open at last check,,"1810 Martin Luther King Jr Pkwy, Suite A, Durham",https://portal.iclasspro.com/usaninjadurham/camp-details/140?typeId=2&filters=%7B%22sorting%22:%22time%22%7D&campTypeName=One%20Day%20Camp&campTypeNamePlural=One%20Day%20Camps,https://usaninjachallenge.com/locations/durham-nc/camps,,2026-09-12
ninja-2027-05-31-177,ninja,2027-05-31,2027-05-31,single-day,One Day Ninja Camp,8:30 am–3:30 pm,$75 per day,Listed open at last check,,"1810 Martin Luther King Jr Pkwy, Suite A, Durham",https://portal.iclasspro.com/usaninjadurham/camp-details/141?typeId=2&filters=%7B%22sorting%22:%22time%22%7D&campTypeName=One%20Day%20Camp&campTypeNamePlural=One%20Day%20Camps,https://usaninjachallenge.com/locations/durham-nc/camps,,2026-09-12
